Workbook

Sheet compound response
A1: species | B1: plant | C1: compound | D1: set mean | E1: sample_mean | F1: set se | G1: sample_se | H1: sample_size | I1: run1 | J1: run2 | K1: run3 | L1: run4 | M1: run5
A2: janthinus | B2: d6y6 | C2: caryophyllene | D2: 0.86 | E2: =AVERAGE(I2:M2) -> 1.152 | F2: 0.25 | G2: =ROUND(STDEV(I2:M2)/SQRT(COUNT(I2:M2)),2) -> 0.26 | H2: 5 | I2: 1.22 | J2: 1.92 | K2: 0.51 | L2: 0.68 | M2: 1.43
A3: janthiniformis | B3: d6y6 | C3: caryophyllene | D3: 0.31 | E3: =AVERAGE(I3:M3) -> 0.14 | F3: 0.11 | G3: =ROUND(STDEV(I3:M3)/SQRT(COUNT(I3:M3)),2) -> 0.07 | H3: 5 | I3: 0.03 | J3: 0.18 | K3: 0.1 | L3: 0.38 | M3: 0.01
A4: janthinus | B4: d6y6 | C4: cocimene | D4: 3.2 | E4: =AVERAGE(I4:M4) -> 3.336 | F4: 0.56 | G4: =ROUND(STDEV(I4:M4)/SQRT(COUNT(I4:M4)),2) -> 0.38 | H4: 5 | I4: 2.15 | J4: 2.86 | K4: 3.9 | L4: 4.27 | M4: 3.5
A5: janthiniformis | B5: d6y6 | C5: cocimene | D5: 5.94 | E5: =AVERAGE(I5:M5) -> 7.5 | F5: 0.73 | G5: =ROUND(STDEV(I5:M5)/SQRT(COUNT(I5:M5)),2) -> 1.2 | H5: 5 | I5: 7.93 | J5: 2.9 | K5: 9.15 | L5: 9.62 | M5: 7.9
A6: janthinus | B6: d6y6 | C6: limonene | D6: 1.22 | E6: =AVERAGE(I6:M6) -> 1.174 | F6: 0.19 | G6: =ROUND(STDEV(I6:M6)/SQRT(COUNT(I6:M6)),2) -> 0.1 | H6: 5 | I6: 1.18 | J6: 1.13 | K6: 1.1 | L6: 1.55 | M6: 0.91
A7: janthiniformis | B7: d6y6 | C7: limonene | D7: 1.31 | E7: =AVERAGE(I7:M7) -> 1.596 | F7: 0.34 | G7: =ROUND(STDEV(I7:M7)/SQRT(COUNT(I7:M7)),2) -> 0.34 | H7: 5 | I7: 1.08 | J7: 1.26 | K7: 2.85 | L7: 1.78 | M7: 1.01
A8: janthinus | B8: d6y6 | C8: linalool | D8: 2.11 | E8: =AVERAGE(I8:M8) -> 2.126 | F8: 0.17 | G8: =ROUND(STDEV(I8:M8)/SQRT(COUNT(I8:M8)),2) -> 0.11 | H8: 5 | I8: 2.1 | J8: 2.25 | K8: 2.08 | L8: 1.77 | M8: 2.43
A9: janthiniformis | B9: d6y6 | C9: linalool | D9: 1.19 | E9: =AVERAGE(I9:M9) -> 1.11 | F9: 0.14 | G9: =ROUND(STDEV(I9:M9)/SQRT(COUNT(I9:M9)),2) -> 0.17 | H9: 5 | I9: 1.21 | J9: 0.63 | K9: 0.9 | L9: 1.15 | M9: 1.66
A10: janthinus | B10: d6y6 | C10: sixmethyl | D10: 3.14 | E10: =AVERAGE(I10:M10) -> 3.048 | F10: 0.31 | G10: =ROUND(STDEV(I10:M10)/SQRT(COUNT(I10:M10)),2) -> 0.42 | H10: 5 | I10: 3.87 | J10: 3.77 | K10: 1.64 | L10: 2.53 | M10: 3.43
A11: janthiniformis | B11: d6y6 | C11: sixmethyl | D11: 1.41 | E11: =AVERAGE(I11:M11) -> 1.516 | F11: 0.13 | G11: =ROUND(STDEV(I11:M11)/SQRT(COUNT(I11:M11)),2) -> 0.12 | H11: 5 | I11: 1.58 | J11: 1.95 | K11: 1.25 | L11: 1.41 | M11: 1.39
A12: janthinus | B12: d6y6 | C12: tocimene | D12: 0.31 | E12: =AVERAGE(I12:M12) -> 0.302 | F12: 0.01 | G12: =ROUND(STDEV(I12:M12)/SQRT(COUNT(I12:M12)),2) -> 0.01 | H12: 5 | I12: 0.3 | J12: 0.31 | K12: 0.28 | L12: 0.33 | M12: 0.29
A13: janthiniformis | B13: d6y6 | C13: tocimene | D13: 0.55 | E13: =AVERAGE(I13:M13) -> 0.534 | F13: 0.04 | G13: =ROUND(STDEV(I13:M13)/SQRT(COUNT(I13:M13)),2) -> 0.03 | H13: 5 | I13: 0.55 | J13: 0.47 | K13: 0.55 | L13: 0.48 | M13: 0.62
... A85: janthiniformis | B85: yt | C85: z3hex | D85: 2.03 | E85: =AVERAGE(I85:M85) -> 1.984 | F85: 0.35 | G85: =ROUND(STDEV(I85:M85)/SQRT(COUNT(I85:M85)),2) -> 0.27 | H85: 5 | I85: 1.03 | J85: 2.14 | K85: 2.09 | L85: 2.69 | M85: 1.97

Sheet Sheet1
A1: species | B1: plant | C1: trials
A2: janthinus | B2: dt | C2: =COUNTIFS('compound response'!$B:$B,Sheet1!B2,'compound response'!$A:$A,Sheet1!A2) -> 7
A3: janthinus | B3: yt | C3: =COUNTIFS('compound response'!$B:$B,Sheet1!B3,'compound response'!$A:$A,Sheet1!A3) -> 7
A4: janthinus | B4: d6y6 | C4: =COUNTIFS('compound response'!$B:$B,Sheet1!B4,'compound response'!$A:$A,Sheet1!A4) -> 7
A5: janthinus | B5: y6d6 | C5: =COUNTIFS('compound response'!$B:$B,Sheet1!B5,'compound response'!$A:$A,Sheet1!A5) -> 7
A6: janthinus | B6: hbr | C6: =COUNTIFS('compound response'!$B:$B,Sheet1!B6,'compound response'!$A:$A,Sheet1!A6) -> 7
A7: janthinus | B7: rad | C7: =COUNTIFS('compound response'!$B:$B,Sheet1!B7,'compound response'!$A:$A,Sheet1!A7) -> 7
A8: janthiniformis | B8: dt | C8: =COUNTIFS('compound response'!$B:$B,Sheet1!B8,'compound response'!$A:$A,Sheet1!A8) -> 7
A9: janthiniformis | B9: yt | C9: =COUNTIFS('compound response'!$B:$B,Sheet1!B9,'compound response'!$A:$A,Sheet1!A9) -> 7
A10: janthiniformis | B10: d6y6 | C10: =COUNTIFS('compound response'!$B:$B,Sheet1!B10,'compound response'!$A:$A,Sheet1!A10) -> 7
A11: janthiniformis | B11: y6d6 | C11: =COUNTIFS('compound response'!$B:$B,Sheet1!B11,'compound response'!$A:$A,Sheet1!A11) -> 7
A12: janthiniformis | B12: hbr | C12: =COUNTIFS('compound response'!$B:$B,Sheet1!B12,'compound response'!$A:$A,Sheet1!A12) -> 7
A13: janthiniformis | B13: rad | C13: =COUNTIFS('compound response'!$B:$B,Sheet1!B13,'compound response'!$A:$A,Sheet1!A13) -> 7
A17: janthinus
B18: yt | C18: yt | D18: dt | E18: dt | F18: d6y6 | G18: d6y6 | H18: y6d6 | I18: y6d6 | J18: rad | K18: rad | L18: hbr | M18: hbr
A19: compound | B19: mv | C19: se | D19: mv | E19: se | F19: mv | G19: se | H19: mv | I19: se | J19: mv | K19: se | L19: mv | M19: se
A20: sixmethyl | B20: =SUMIFS('compound response'!$E:$E,'compound response'!$A:$A,Sheet1!$A$17,'compound response'!$B:$B,Sheet1!B$18,'compound response'!$C:$C,Sheet1!$A20) -> 1.156 | C20: =SUMIFS('compound response'!$G:$G,'compound response'!$A:$A,Sheet1!$A$17,'compound response'!$B:$B,Sheet1!C$18,'compound response'!$C:$C,Sheet1!$A20) -> 0.15 | D20: =SUMIFS('compound response'!$E:$E,'compound response'!$A:$A,Sheet1!$A$17,'compound response'!$B:$B,Sheet1!D$18,'compound response'!$C:$C,Sheet1!$A20) -> 4.016 | E20: =SUMIFS('compound response'!$G:$G,'compound response'!$A:$A,Sheet1!$A$17,'compound response'!$B:$B,Sheet1!E$18,'compound response'!$C:$C,Sheet1!$A20) -> 0.47 | F20: =SUMIFS('compound response'!$E:$E,'compound response'!$A:$A,Sheet1!$A$17,'compound response'!$B:$B,Sheet1!F$18,'compound response'!$C:$C,Sheet1!$A20) -> 3.048 | G20: =SUMIFS('compound response'!$G:$G,'compound response'!$A:$A,Sheet1!$A$17,'compound response'!$B:$B,Sheet1!G$18,'compound response'!$C:$C,Sheet1!$A20) -> 0.42 | H20: =SUMIFS('compound response'!$E:$E,'compound response'!$A:$A,Sheet1!$A$17,'compound response'!$B:$B,Sheet1!H$18,'compound response'!$C:$C,Sheet1!$A20) -> 2.056 | I20: =SUMIFS('compound response'!$G:$G,'compound response'!$A:$A,Sheet1!$A$17,'compound response'!$B:$B,Sheet1!I$18,'compound response'!$C:$C,Sheet1!$A20) -> 0.07 | J20: =SUMIFS('compound response'!$E:$E,'compound response'!$A:$A,Sheet1!$A$17,'compound response'!$B:$B,Sheet1!J$18,'compound response'!$C:$C,Sheet1!$A20) -> 4.482 | K20: =SUMIFS('compound response'!$G:$G,'compound response'!$A:$A,Sheet1!$A$17,'compound response'!$B:$B,Sheet1!K$18,'compound response'!$C:$C,Sheet1!$A20) -> 0.6 | L20: =SUMIFS('compound response'!$E:$E,'compound response'!$A:$A,Sheet1!$A$17,'compound response'!$B:$B,Sheet1!L$18,'compound response'!$C:$C,Sheet1!$A20) -> 2.918 | M20: =SUMIFS('compound response'!$G:$G,'compound response'!$A:$A,Sheet1!$A$17,'compound response'!$B:$B,Sheet1!M$18,'compound response'!$C:$C,Sheet1!$A20) -> 0.54
A21: z3hex | B21: =SUMIFS('compound response'!$E:$E,'compound response'!$A:$A,Sheet1!$A$17,'compound response'!$B:$B,Sheet1!B$18,'compound response'!$C:$C,Sheet1!$A21) -> 3.774 | C21: =SUMIFS('compound response'!$G:$G,'compound response'!$A:$A,Sheet1!$A$17,'compound response'!$B:$B,Sheet1!C$18,'compound response'!$C:$C,Sheet1!$A21) -> 0.25 | D21: =SUMIFS('compound response'!$E:$E,'compound response'!$A:$A,Sheet1!$A$17,'compound response'!$B:$B,Sheet1!D$18,'compound response'!$C:$C,Sheet1!$A21) -> 1.66 | E21: =SUMIFS('compound response'!$G:$G,'compound response'!$A:$A,Sheet1!$A$17,'compound response'!$B:$B,Sheet1!E$18,'compound response'!$C:$C,Sheet1!$A21) -> 0.53 | F21: =SUMIFS('compound response'!$E:$E,'compound response'!$A:$A,Sheet1!$A$17,'compound response'!$B:$B,Sheet1!F$18,'compound response'!$C:$C,Sheet1!$A21) -> 2.212 | G21: =SUMIFS('compound response'!$G:$G,'compound response'!$A:$A,Sheet1!$A$17,'compound response'!$B:$B,Sheet1!G$18,'compound response'!$C:$C,Sheet1!$A21) -> 0.04 | H21: =SUMIFS('compound response'!$E:$E,'compound response'!$A:$A,Sheet1!$A$17,'compound response'!$B:$B,Sheet1!H$18,'compound response'!$C:$C,Sheet1!$A21) -> 3.948 | I21: =SUMIFS('compound response'!$G:$G,'compound response'!$A:$A,Sheet1!$A$17,'compound response'!$B:$B,Sheet1!I$18,'compound response'!$C:$C,Sheet1!$A21) -> 0.11 | J21: =SUMIFS('compound response'!$E:$E,'compound response'!$A:$A,Sheet1!$A$17,'compound response'!$B:$B,Sheet1!J$18,'compound response'!$C:$C,Sheet1!$A21) -> 5.42 | K21: =SUMIFS('compound response'!$G:$G,'compound response'!$A:$A,Sheet1!$A$17,'compound response'!$B:$B,Sheet1!K$18,'compound response'!$C:$C,Sheet1!$A21) -> 0.97 | L21: =SUMIFS('compound response'!$E:$E,'compound response'!$A:$A,Sheet1!$A$17,'compound response'!$B:$B,Sheet1!L$18,'compound response'!$C:$C,Sheet1!$A21) -> 3.916 | M21: =SUMIFS('compound response'!$G:$G,'compound response'!$A:$A,Sheet1!$A$17,'compound response'!$B:$B,Sheet1!M$18,'compound response'!$C:$C,Sheet1!$A21) -> 0.85
A22: limonene | B22: =SUMIFS('compound response'!$E:$E,'compound response'!$A:$A,Sheet1!$A$17,'compound response'!$B:$B,Sheet1!B$18,'compound response'!$C:$C,Sheet1!$A22) -> 1.644 | C22: =SUMIFS('compound response'!$G:$G,'compound response'!$A:$A,Sheet1!$A$17,'compound response'!$B:$B,Sheet1!C$18,'compound response'!$C:$C,Sheet1!$A22) -> 0.17 | D22: =SUMIFS('compound response'!$E:$E,'compound response'!$A:$A,Sheet1!$A$17,'compound response'!$B:$B,Sheet1!D$18,'compound response'!$C:$C,Sheet1!$A22) -> 1.024 | E22: =SUMIFS('compound response'!$G:$G,'compound response'!$A:$A,Sheet1!$A$17,'compound response'!$B:$B,Sheet1!E$18,'compound response'!$C:$C,Sheet1!$A22) -> 0.06 | F22: =SUMIFS('compound response'!$E:$E,'compound response'!$A:$A,Sheet1!$A$17,'compound response'!$B:$B,Sheet1!F$18,'compound response'!$C:$C,Sheet1!$A22) -> 1.174 | G22: =SUMIFS('compound response'!$G:$G,'compound response'!$A:$A,Sheet1!$A$17,'compound response'!$B:$B,Sheet1!G$18,'compound response'!$C:$C,Sheet1!$A22) -> 0.1 | H22: =SUMIFS('compound response'!$E:$E,'compound response'!$A:$A,Sheet1!$A$17,'compound response'!$B:$B,Sheet1!H$18,'compound response'!$C:$C,Sheet1!$A22) -> 1.672 | I22: =SUMIFS('compound response'!$G:$G,'compound response'!$A:$A,Sheet1!$A$17,'compound response'!$B:$B,Sheet1!I$18,'compound response'!$C:$C,Sheet1!$A22) -> 0.19 | J22: =SUMIFS('compound response'!$E:$E,'compound response'!$A:$A,Sheet1!$A$17,'compound response'!$B:$B,Sheet1!J$18,'compound response'!$C:$C,Sheet1!$A22) -> 1.238 | K22: =SUMIFS('compound response'!$G:$G,'compound response'!$A:$A,Sheet1!$A$17,'compound response'!$B:$B,Sheet1!K$18,'compound response'!$C:$C,Sheet1!$A22) -> 0.17 | L22: =SUMIFS('compound response'!$E:$E,'compound response'!$A:$A,Sheet1!$A$17,'compound response'!$B:$B,Sheet1!L$18,'compound response'!$C:$C,Sheet1!$A22) -> 1.836 | M22: =SUMIFS('compound response'!$G:$G,'compound response'!$A:$A,Sheet1!$A$17,'compound response'!$B:$B,Sheet1!M$18,'compound response'!$C:$C,Sheet1!$A22) -> 0.37
A23: tocimene | B23: =SUMIFS('compound response'!$E:$E,'compound response'!$A:$A,Sheet1!$A$17,'compound response'!$B:$B,Sheet1!B$18,'compound response'!$C:$C,Sheet1!$A23) -> 0.492 | C23: =SUMIFS('compound response'!$G:$G,'compound response'!$A:$A,Sheet1!$A$17,'compound response'!$B:$B,Sheet1!C$18,'compound response'!$C:$C,Sheet1!$A23) -> 0.11 | D23: =SUMIFS('compound response'!$E:$E,'compound response'!$A:$A,Sheet1!$A$17,'compound response'!$B:$B,Sheet1!D$18,'compound response'!$C:$C,Sheet1!$A23) -> 0.246 | E23: =SUMIFS('compound response'!$G:$G,'compound response'!$A:$A,Sheet1!$A$17,'compound response'!$B:$B,Sheet1!E$18,'compound response'!$C:$C,Sheet1!$A23) -> 0.08 | F23: =SUMIFS('compound response'!$E:$E,'compound response'!$A:$A,Sheet1!$A$17,'compound response'!$B:$B,Sheet1!F$18,'compound response'!$C:$C,Sheet1!$A23) -> 0.302 | G23: =SUMIFS('compound response'!$G:$G,'compound response'!$A:$A,Sheet1!$A$17,'compound response'!$B:$B,Sheet1!G$18,'compound response'!$C:$C,Sheet1!$A23) -> 0.01 | H23: =SUMIFS('compound response'!$E:$E,'compound response'!$A:$A,Sheet1!$A$17,'compound response'!$B:$B,Sheet1!H$18,'compound response'!$C:$C,Sheet1!$A23) -> 0.4 | I23: =SUMIFS('compound response'!$G:$G,'compound response'!$A:$A,Sheet1!$A$17,'compound response'!$B:$B,Sheet1!I$18,'compound response'!$C:$C,Sheet1!$A23) -> 0.01 | J23: =SUMIFS('compound response'!$E:$E,'compound response'!$A:$A,Sheet1!$A$17,'compound response'!$B:$B,Sheet1!J$18,'compound response'!$C:$C,Sheet1!$A23) -> 0.188 | K23: =SUMIFS('compound response'!$G:$G,'compound response'!$A:$A,Sheet1!$A$17,'compound response'!$B:$B,Sheet1!K$18,'compound response'!$C:$C,Sheet1!$A23) -> 0.01 | L23: =SUMIFS('compound response'!$E:$E,'compound response'!$A:$A,Sheet1!$A$17,'compound response'!$B:$B,Sheet1!L$18,'compound response'!$C:$C,Sheet1!$A23) -> 0.232 | M23: =SUMIFS('compound response'!$G:$G,'compound response'!$A:$A,Sheet1!$A$17,'compound response'!$B:$B,Sheet1!M$18,'compound response'!$C:$C,Sheet1!$A23) -> 0.04
A24: cocimene | B24: =SUMIFS('compound response'!$E:$E,'compound response'!$A:$A,Sheet1!$A$17,'compound response'!$B:$B,Sheet1!B$18,'compound response'!$C:$C,Sheet1!$A24) -> 7.106 | C24: =SUMIFS('compound response'!$G:$G,'compound response'!$A:$A,Sheet1!$A$17,'compound response'!$B:$B,Sheet1!C$18,'compound response'!$C:$C,Sheet1!$A24) -> 1.63 | D24: =SUMIFS('compound response'!$E:$E,'compound response'!$A:$A,Sheet1!$A$17,'compound response'!$B:$B,Sheet1!D$18,'compound response'!$C:$C,Sheet1!$A24) -> 3.764 | E24: =SUMIFS('compound response'!$G:$G,'compound response'!$A:$A,Sheet1!$A$17,'compound response'!$B:$B,Sheet1!E$18,'compound response'!$C:$C,Sheet1!$A24) -> 0.9 | F24: =SUMIFS('compound response'!$E:$E,'compound response'!$A:$A,Sheet1!$A$17,'compound response'!$B:$B,Sheet1!F$18,'compound response'!$C:$C,Sheet1!$A24) -> 3.336 | G24: =SUMIFS('compound response'!$G:$G,'compound response'!$A:$A,Sheet1!$A$17,'compound response'!$B:$B,Sheet1!G$18,'compound response'!$C:$C,Sheet1!$A24) -> 0.38 | H24: =SUMIFS('compound response'!$E:$E,'compound response'!$A:$A,Sheet1!$A$17,'compound response'!$B:$B,Sheet1!H$18,'compound response'!$C:$C,Sheet1!$A24) -> 5.932 | I24: =SUMIFS('compound response'!$G:$G,'compound response'!$A:$A,Sheet1!$A$17,'compound response'!$B:$B,Sheet1!I$18,'compound response'!$C:$C,Sheet1!$A24) -> 0.19 | J24: =SUMIFS('compound response'!$E:$E,'compound response'!$A:$A,Sheet1!$A$17,'compound response'!$B:$B,Sheet1!J$18,'compound response'!$C:$C,Sheet1!$A24) -> 4.06 | K24: =SUMIFS('compound response'!$G:$G,'compound response'!$A:$A,Sheet1!$A$17,'compound response'!$B:$B,Sheet1!K$18,'compound response'!$C:$C,Sheet1!$A24) -> 0.09 | L24: =SUMIFS('compound response'!$E:$E,'compound response'!$A:$A,Sheet1!$A$17,'compound response'!$B:$B,Sheet1!L$18,'compound response'!$C:$C,Sheet1!$A24) -> 4.702 | M24: =SUMIFS('compound response'!$G:$G,'compound response'!$A:$A,Sheet1!$A$17,'compound response'!$B:$B,Sheet1!M$18,'compound response'!$C:$C,Sheet1!$A24) -> 0.18
A25: linalool | B25: =SUMIFS('compound response'!$E:$E,'compound response'!$A:$A,Sheet1!$A$17,'compound response'!$B:$B,Sheet1!B$18,'compound response'!$C:$C,Sheet1!$A25) -> 3.094 | C25: =SUMIFS('compound response'!$G:$G,'compound response'!$A:$A,Sheet1!$A$17,'compound response'!$B:$B,Sheet1!C$18,'compound response'!$C:$C,Sheet1!$A25) -> 0.24 | D25: =SUMIFS('compound response'!$E:$E,'compound response'!$A:$A,Sheet1!$A$17,'compound response'!$B:$B,Sheet1!D$18,'compound response'!$C:$C,Sheet1!$A25) -> 1.692 | E25: =SUMIFS('compound response'!$G:$G,'compound response'!$A:$A,Sheet1!$A$17,'compound response'!$B:$B,Sheet1!E$18,'compound response'!$C:$C,Sheet1!$A25) -> 0.58 | F25: =SUMIFS('compound response'!$E:$E,'compound response'!$A:$A,Sheet1!$A$17,'compound response'!$B:$B,Sheet1!F$18,'compound response'!$C:$C,Sheet1!$A25) -> 2.126 | G25: =SUMIFS('compound response'!$G:$G,'compound response'!$A:$A,Sheet1!$A$17,'compound response'!$B:$B,Sheet1!G$18,'compound response'!$C:$C,Sheet1!$A25) -> 0.11 | H25: =SUMIFS('compound response'!$E:$E,'compound response'!$A:$A,Sheet1!$A$17,'compound response'!$B:$B,Sheet1!H$18,'compound response'!$C:$C,Sheet1!$A25) -> 2.584 | I25: =SUMIFS('compound response'!$G:$G,'compound response'!$A:$A,Sheet1!$A$17,'compound response'!$B:$B,Sheet1!I$18,'compound response'!$C:$C,Sheet1!$A25) -> 0.16 | J25: =SUMIFS('compound response'!$E:$E,'compound response'!$A:$A,Sheet1!$A$17,'compound response'!$B:$B,Sheet1!J$18,'compound response'!$C:$C,Sheet1!$A25) -> 2.474 | K25: =SUMIFS('compound response'!$G:$G,'compound response'!$A:$A,Sheet1!$A$17,'compound response'!$B:$B,Sheet1!K$18,'compound response'!$C:$C,Sheet1!$A25) -> 0.6 | L25: =SUMIFS('compound response'!$E:$E,'compound response'!$A:$A,Sheet1!$A$17,'compound response'!$B:$B,Sheet1!L$18,'compound response'!$C:$C,Sheet1!$A25) -> 4.11 | M25: =SUMIFS('compound response'!$G:$G,'compound response'!$A:$A,Sheet1!$A$17,'compound response'!$B:$B,Sheet1!M$18,'compound response'!$C:$C,Sheet1!$A25) -> 1.04
A26: caryophyllene | B26: =SUMIFS('compound response'!$E:$E,'compound response'!$A:$A,Sheet1!$A$17,'compound response'!$B:$B,Sheet1!B$18,'compound response'!$C:$C,Sheet1!$A26) -> 0.232 | C26: =SUMIFS('compound response'!$G:$G,'compound response'!$A:$A,Sheet1!$A$17,'compound response'!$B:$B,Sheet1!C$18,'compound response'!$C:$C,Sheet1!$A26) -> 0.03 | D26: =SUMIFS('compound response'!$E:$E,'compound response'!$A:$A,Sheet1!$A$17,'compound response'!$B:$B,Sheet1!D$18,'compound response'!$C:$C,Sheet1!$A26) -> 1.094 | E26: =SUMIFS('compound response'!$G:$G,'compound response'!$A:$A,Sheet1!$A$17,'compound response'!$B:$B,Sheet1!E$18,'compound response'!$C:$C,Sheet1!$A26) -> 0.15 | F26: =SUMIFS('compound response'!$E:$E,'compound response'!$A:$A,Sheet1!$A$17,'compound response'!$B:$B,Sheet1!F$18,'compound response'!$C:$C,Sheet1!$A26) -> 1.152 | G26: =SUMIFS('compound response'!$G:$G,'compound response'!$A:$A,Sheet1!$A$17,'compound response'!$B:$B,Sheet1!G$18,'compound response'!$C:$C,Sheet1!$A26) -> 0.26 | H26: =SUMIFS('compound response'!$E:$E,'compound response'!$A:$A,Sheet1!$A$17,'compound response'!$B:$B,Sheet1!H$18,'compound response'!$C:$C,Sheet1!$A26) -> 0.65 | I26: =SUMIFS('compound response'!$G:$G,'compound response'!$A:$A,Sheet1!$A$17,'compound response'!$B:$B,Sheet1!I$18,'compound response'!$C:$C,Sheet1!$A26) -> 0.15 | J26: =SUMIFS('compound response'!$E:$E,'compound response'!$A:$A,Sheet1!$A$17,'compound response'!$B:$B,Sheet1!J$18,'compound response'!$C:$C,Sheet1!$A26) -> 0.678 | K26: =SUMIFS('compound response'!$G:$G,'compound response'!$A:$A,Sheet1!$A$17,'compound response'!$B:$B,Sheet1!K$18,'compound response'!$C:$C,Sheet1!$A26) -> 0.18 | L26: =SUMIFS('compound response'!$E:$E,'compound response'!$A:$A,Sheet1!$A$17,'compound response'!$B:$B,Sheet1!L$18,'compound response'!$C:$C,Sheet1!$A26) -> 0.226 | M26: =SUMIFS('compound response'!$G:$G,'compound response'!$A:$A,Sheet1!$A$17,'compound response'!$B:$B,Sheet1!M$18,'compound response'!$C:$C,Sheet1!$A26) -> 0.01
A28: janthinus
B29: 1x | C29: 1x | D29: 2x | E29: 2x
A30: species | B30: mv | C30: se | D30: mv | E30: se
A31: yt | B31: =SUMIFS('EAD response'!$F:$F,'EAD response'!$A:$A,Sheet1!$A$28,'EAD response'!$B:$B,Sheet1!$A31,'EAD response'!$C:$C,Sheet1!B$29) -> 6.87 | C31: =SUMIFS('EAD response'!$G:$G,'EAD response'!$A:$A,Sheet1!$A$28,'EAD response'!$B:$B,Sheet1!$A31,'EAD response'!$C:$C,Sheet1!C$29) -> 1.11 | D31: =SUMIFS('EAD response'!$F:$F,'EAD response'!$A:$A,Sheet1!$A$28,'EAD response'!$B:$B,Sheet1!$A31,'EAD response'!$C:$C,Sheet1!D$29) -> 9.68 | E31: =SUMIFS('EAD response'!$G:$G,'EAD response'!$A:$A,Sheet1!$A$28,'EAD response'!$B:$B,Sheet1!$A31,'EAD response'!$C:$C,Sheet1!E$29) -> 0.91
A32: dt | B32: =SUMIFS('EAD response'!$F:$F,'EAD response'!$A:$A,Sheet1!$A$28,'EAD response'!$B:$B,Sheet1!$A32,'EAD response'!$C:$C,Sheet1!B$29) -> 4.73 | C32: =SUMIFS('EAD response'!$G:$G,'EAD response'!$A:$A,Sheet1!$A$28,'EAD response'!$B:$B,Sheet1!$A32,'EAD response'!$C:$C,Sheet1!C$29) -> 1.55 | D32: =SUMIFS('EAD response'!$F:$F,'EAD response'!$A:$A,Sheet1!$A$28,'EAD response'!$B:$B,Sheet1!$A32,'EAD response'!$C:$C,Sheet1!D$29) -> 6.68 | E32: =SUMIFS('EAD response'!$G:$G,'EAD response'!$A:$A,Sheet1!$A$28,'EAD response'!$B:$B,Sheet1!$A32,'EAD response'!$C:$C,Sheet1!E$29) -> 0.69
A33: y6d6 | B33: =SUMIFS('EAD response'!$F:$F,'EAD response'!$A:$A,Sheet1!$A$28,'EAD response'!$B:$B,Sheet1!$A33,'EAD response'!$C:$C,Sheet1!B$29) -> 8.95 | C33: =SUMIFS('EAD response'!$G:$G,'EAD response'!$A:$A,Sheet1!$A$28,'EAD response'!$B:$B,Sheet1!$A33,'EAD response'!$C:$C,Sheet1!C$29) -> 0.92 | D33: =SUMIFS('EAD response'!$F:$F,'EAD response'!$A:$A,Sheet1!$A$28,'EAD response'!$B:$B,Sheet1!$A33,'EAD response'!$C:$C,Sheet1!D$29) -> 8.42 | E33: =SUMIFS('EAD response'!$G:$G,'EAD response'!$A:$A,Sheet1!$A$28,'EAD response'!$B:$B,Sheet1!$A33,'EAD response'!$C:$C,Sheet1!E$29) -> 0.94
A34: d6y6 | B34: =SUMIFS('EAD response'!$F:$F,'EAD response'!$A:$A,Sheet1!$A$28,'EAD response'!$B:$B,Sheet1!$A34,'EAD response'!$C:$C,Sheet1!B$29) -> 5.36 | C34: =SUMIFS('EAD response'!$G:$G,'EAD response'!$A:$A,Sheet1!$A$28,'EAD response'!$B:$B,Sheet1!$A34,'EAD response'!$C:$C,Sheet1!C$29) -> 1.04 | D34: =SUMIFS('EAD response'!$F:$F,'EAD response'!$A:$A,Sheet1!$A$28,'EAD response'!$B:$B,Sheet1!$A34,'EAD response'!$C:$C,Sheet1!D$29) -> 5.59 | E34: =SUMIFS('EAD response'!$G:$G,'EAD response'!$A:$A,Sheet1!$A$28,'EAD response'!$B:$B,Sheet1!$A34,'EAD response'!$C:$C,Sheet1!E$29) -> 0.25
A35: hbr | B35: =SUMIFS('EAD response'!$F:$F,'EAD response'!$A:$A,Sheet1!$A$28,'EAD response'!$B:$B,Sheet1!$A35,'EAD response'!$C:$C,Sheet1!B$29) -> 5.26 | C35: =SUMIFS('EAD response'!$G:$G,'EAD response'!$A:$A,Sheet1!$A$28,'EAD response'!$B:$B,Sheet1!$A35,'EAD response'!$C:$C,Sheet1!C$29) -> 0.93 | D35: =SUMIFS('EAD response'!$F:$F,'EAD response'!$A:$A,Sheet1!$A$28,'EAD response'!$B:$B,Sheet1!$A35,'EAD response'!$C:$C,Sheet1!D$29) -> 7.79 | E35: =SUMIFS('EAD response'!$G:$G,'EAD response'!$A:$A,Sheet1!$A$28,'EAD response'!$B:$B,Sheet1!$A35,'EAD response'!$C:$C,Sheet1!E$29) -> 0.58
A36: rad | B36: =SUMIFS('EAD response'!$F:$F,'EAD response'!$A:$A,Sheet1!$A$28,'EAD response'!$B:$B,Sheet1!$A36,'EAD response'!$C:$C,Sheet1!B$29) -> 6.28 | C36: =SUMIFS('EAD response'!$G:$G,'EAD response'!$A:$A,Sheet1!$A$28,'EAD response'!$B:$B,Sheet1!$A36,'EAD response'!$C:$C,Sheet1!C$29) -> 0.29 | D36: =SUMIFS('EAD response'!$F:$F,'EAD response'!$A:$A,Sheet1!$A$28,'EAD response'!$B:$B,Sheet1!$A36,'EAD response'!$C:$C,Sheet1!D$29) -> 9.23 | E36: =SUMIFS('EAD response'!$G:$G,'EAD response'!$A:$A,Sheet1!$A$28,'EAD response'!$B:$B,Sheet1!$A36,'EAD response'!$C:$C,Sheet1!E$29) -> 0.41

Sheet EAD response
A1: species | B1: plant | C1: concentration | D1: set_mean | E1: set_se | F1: sample_mean | G1: sample_se | H1: samples | I1: run1 | J1: run2 | K1: run3 | L1: run4 | M1: run5
A2: janthiniformis | B2: d6y6 | C2: 1x | D2: 6.97 | E2: 0.76 | F2: =ROUND(AVERAGE(I2:M2),2) -> 5.59 | G2: =ROUND(STDEV(I2:M2)/SQRT(COUNT(I2:M2)),2) -> 0.81 | H2: 5 | I2: 3.63 | J2: 5.16 | K2: 8.55 | L2: 5.16 | M2: 5.43
A3: janthinus | B3: d6y6 | C3: 1x | D3: 4.99 | E3: 0.98 | F3: =ROUND(AVERAGE(I3:M3),2) -> 5.36 | G3: =ROUND(STDEV(I3:M3)/SQRT(COUNT(I3:M3)),2) -> 1.04 | H3: 5 | I3: 5.46 | J3: 8.71 | K3: 4.3 | L3: 5.94 | M3: 2.37
A4: janthiniformis | B4: dt | C4: 1x | D4: 7.31 | E4: 1.34 | F4: =ROUND(AVERAGE(I4:M4),2) -> 6.86 | G4: =ROUND(STDEV(I4:M4)/SQRT(COUNT(I4:M4)),2) -> 1.71 | H4: 5 | I4: 7.26 | J4: 7.16 | K4: 0.62 | L4: 8.26 | M4: 11.02
A5: janthinus | B5: dt | C5: 1x | D5: 5.07 | E5: 2.17 | F5: =ROUND(AVERAGE(I5:M5),2) -> 4.73 | G5: =ROUND(STDEV(I5:M5)/SQRT(COUNT(I5:M5)),2) -> 1.55 | H5: 5 | I5: 6.12 | J5: 8.25 | K5: 0.13 | L5: 7.1 | M5: 2.06
A6: janthiniformis | B6: hbr | C6: 1x | D6: 7.14 | E6: 0.45 | F6: =ROUND(AVERAGE(I6:M6),2) -> 7.23 | G6: =ROUND(STDEV(I6:M6)/SQRT(COUNT(I6:M6)),2) -> 0.59 | H6: 5 | I6: 5.46 | J6: 8.51 | K6: 7.16 | L6: 8.54 | M6: 6.48
A7: janthinus | B7: hbr | C7: 1x | D7: 6.98 | E7: 1.14 | F7: =ROUND(AVERAGE(I7:M7),2) -> 5.26 | G7: =ROUND(STDEV(I7:M7)/SQRT(COUNT(I7:M7)),2) -> 0.93 | H7: 5 | I7: 5.33 | J7: 8.14 | K7: 6.27 | L7: 3.09 | M7: 3.49
A8: janthiniformis | B8: rad | C8: 1x | D8: 5.13 | E8: 0.71 | F8: =ROUND(AVERAGE(I8:M8),2) -> 3.72 | G8: =ROUND(STDEV(I8:M8)/SQRT(COUNT(I8:M8)),2) -> 0.53 | H8: 5 | I8: 2.64 | J8: 4.71 | K8: 5.19 | L8: 2.58 | M8: 3.5
A9: janthinus | B9: rad | C9: 1x | D9: 6.1 | E9: 0.39 | F9: =ROUND(AVERAGE(I9:M9),2) -> 6.28 | G9: =ROUND(STDEV(I9:M9)/SQRT(COUNT(I9:M9)),2) -> 0.29 | H9: 5 | I9: 6.19 | J9: 5.23 | K9: 6.81 | L9: 6.38 | M9: 6.77
A10: janthiniformis | B10: y6d6 | C10: 1x | D10: 6.15 | E10: 0.34 | F10: =ROUND(AVERAGE(I10:M10),2) -> 6.65 | G10: =ROUND(STDEV(I10:M10)/SQRT(COUNT(I10:M10)),2) -> 0.27 | H10: 5 | I10: 6.31 | J10: 6.19 | K10: 7.03 | L10: 7.51 | M10: 6.19
A11: janthinus | B11: y6d6 | C11: 1x | D11: 8.15 | E11: 0.96 | F11: =ROUND(AVERAGE(I11:M11),2) -> 8.95 | G11: =ROUND(STDEV(I11:M11)/SQRT(COUNT(I11:M11)),2) -> 0.92 | H11: 5 | I11: 7.61 | J11: 6.69 | K11: 8.53 | L11: 10.09 | M11: 11.85
A12: janthiniformis | B12: yt | C12: 1x | D12: 5.43 | E12: 0.35 | F12: =ROUND(AVERAGE(I12:M12),2) -> 5.17 | G12: =ROUND(STDEV(I12:M12)/SQRT(COUNT(I12:M12)),2) -> 0.43 | H12: 5 | I12: 5.01 | J12: 6.06 | K12: 4.53 | L12: 4.01 | M12: 6.23
A13: janthinus | B13: yt | C13: 1x | D13: 6.73 | E13: 0.34 | F13: =ROUND(AVERAGE(I13:M13),2) -> 6.87 | G13: =ROUND(STDEV(I13:M13)/SQRT(COUNT(I13:M13)),2) -> 1.11 | H13: 5 | I13: 9.37 | J13: 8.96 | K13: 3.41 | L13: 5.49 | M13: 7.11
... A25: janthinus | B25: yt | C25: 2x | D25: 7.93 | E25: 1.05 | F25: =ROUND(AVERAGE(I25:M25),2) -> 9.68 | G25: =ROUND(STDEV(I25:M25)/SQRT(COUNT(I25:M25)),2) -> 0.91 | H25: 5 | I25: 9.29 | J25: 8 | K25: 11.5 | L25: 12.05 | M25: 7.55
A34: test | B34: test | C34: test | D34: 10 | E34: 2 | F34: =ROUND(AVERAGE(I34:M34),2) -> 8.57 | G34: =ROUND(STDEV(I34:M34)/SQRT(COUNT(I34:M34)),2) -> 2.65 | H34: 5 | I34: =ABS(ROUND($D34 + (_xlfn.NORM.INV(RAND(), 0, 1) * ($E34*SQRT($H34))),2)) -> 18.64 | J34: =ABS(ROUND($D34 + (_xlfn.NORM.INV(RAND(), 0, 1) * ($E34*SQRT($H34))),2)) -> 6.68 | K34: =ABS(ROUND($D34 + (_xlfn.NORM.INV(RAND(), 0, 1) * ($E34*SQRT($H34))),2)) -> 6.38 | L34: =ABS(ROUND($D34 + (_xlfn.NORM.INV(RAND(), 0, 1) * ($E34*SQRT($H34))),2)) -> 8.11 | M34: =ABS(ROUND($D34 + (_xlfn.NORM.INV(RAND(), 0, 1) * ($E34*SQRT($H34))),2)) -> 3.06

Sheet Sheet4
A1: 1.13 | B1: =ROUND($A$1 + (_xlfn.NORM.INV(RAND(), 0, 1) * $A$4),2) -> 1.01
A2: 0.13 | B2: =ROUND($A$1 + (_xlfn.NORM.INV(RAND(), 0, 1) * $A$4),2) -> 1.3 | D2: mean | E2: se
A3: 5 | B3: =ROUND($A$1 + (_xlfn.NORM.INV(RAND(), 0, 1) * $A$4),2) -> 1.17 | D3: =AVERAGE(B1:B5) -> 1.178 | E3: =STDEV(B1:B5)/SQRT(A3) -> 0.047265209
A4: =A2*SQRT(A3) -> 0.29068884 | B4: =ROUND($A$1 + (_xlfn.NORM.INV(RAND(), 0, 1) * $A$4),2) -> 1.2
B5: =ROUND($A$1 + (_xlfn.NORM.INV(RAND(), 0, 1) * $A$4),2) -> 1.21

Sheet mean response
A1: species | B1: plant | C1: compound | D1: mv | E1: se
A2: janthiniformis | B2: vulgaris | C2: sixmethyl | D2: 1.13 | E2: 0.13
A3: janthiniformis | B3: vulgaris | C3: z3hex | D3: 2.03 | E3: 0.35
A4: janthiniformis | B4: vulgaris | C4: limonene | D4: 0.64 | E4: 0.14
A5: janthiniformis | B5: vulgaris | C5: tocimene | D5: 0.33 | E5: 0.09
A6: janthiniformis | B6: vulgaris | C6: cocimene | D6: 4.44 | E6: 1.87
A7: janthiniformis | B7: vulgaris | C7: linalool | D7: 0.82 | E7: 0.11
A8: janthiniformis | B8: vulgaris | C8: caryophyllene | D8: 0.21 | E8: 0.12
A9: janthiniformis | B9: dalmatica | C9: sixmethyl | D9: 1.32 | E9: 0.19
A10: janthiniformis | B10: dalmatica | C10: z3hex | D10: 2.01 | E10: 0.22
A11: janthiniformis | B11: dalmatica | C11: limonene | D11: 1.21 | E11: 0.31
A12: janthiniformis | B12: dalmatica | C12: tocimene | D12: 0.42 | E12: 0.24
A13: janthiniformis | B13: dalmatica | C13: cocimene | D13: 6.46 | E13: 1.77
... A29: janthinus | B29: dalmatica | C29: caryophyllene | D29: 0.82 | E29: 0.19
